<?xml version="1.0" encoding="UTF-8" standalone="yes"?>
<worksheet xmlns="http://schemas.openxmlformats.org/spreadsheetml/2006/main" xmlns:r="http://schemas.openxmlformats.org/officeDocument/2006/relationships" xmlns:mc="http://schemas.openxmlformats.org/markup-compatibility/2006" mc:Ignorable="x14ac" xmlns:x14ac="http://schemas.microsoft.com/office/spreadsheetml/2009/9/ac"><sheetPr codeName="Sheet2"/><dimension ref="A1:F1048563"/><sheetViews><sheetView workbookViewId="0"><selection activeCell="A4" sqref="A4:XFD4"/></sheetView></sheetViews><sheetFormatPr defaultRowHeight="15"/><cols><col min="1" max="1" width="15.42578125" bestFit="1" customWidth="1"/><col min="2" max="2" width="26.42578125" customWidth="1"/><col min="3" max="3" width="24.7109375" customWidth="1"/><col min="4" max="4" width="20.140625" bestFit="1" customWidth="1"/><col min="5" max="5" width="22.5703125" customWidth="1"/><col min="6" max="6" width="25.42578125" customWidth="1"/></cols><sheetData><row r="1" spans="1:6" ht="15.75"><c r="A1" s="3" t="s"><v>1</v></c><c r="B1" s="3" t="s"><v>2</v></c><c r="C1" s="3" t="s"><v>4</v></c><c r="D1" s="3" t="s"><v>3</v></c><c r="E1" s="3" t="s"><v>6</v></c><c r="F1" s="9" t="s"><v>7</v></c></row><row r="2" spans="1:6" ht="15.75"><c r="A2" s="3" t="s"><v>5</v></c><c r="B2" s="3" t="s"><v>8</v></c><c r="C2" s="3" t="s"><v>9</v></c><c r="D2" s="3"/><c r="E2" s="3"/><c r="F2" s="10"/></row><row r="3" spans="1:6" ht="15.75"><c r="A3" s="3" t="s"><v>5</v></c><c r="B3" s="3" t="s"><v>10</v></c><c r="C3" s="3" t="s"><v>11</v></c><c r="D3" s="3"/><c r="E3" s="3"/><c r="F3" s="10"/></row><row r="4" spans="1:6" ht="15.75"><c r="A4" s="1" t="s"><v>5</v></c><c r="B4" s="2" t="s"><v>12</v></c><c r="C4" s="2" t="s"><v>13</v></c><c r="D4" s="1"/><c r="E4" s="3"/><c r="F4" s="10"/></row><row r="5" spans="1:6" ht="15.75"><c r="A5" s="3" t="s"><v>5</v></c><c r="B5" s="3" t="s"><v>14</v></c><c r="C5" s="3" t="s"><v>15</v></c><c r="D5" s="3"/><c r="E5" s="3"/><c r="F5" s="10"/></row><row r="6" spans="1:6" ht="15.75"><c r="A6" s="1" t="s"><v>5</v></c><c r="B6" s="2" t="s"><v>16</v></c><c r="C6" s="2" t="s"><v>17</v></c><c r="D6" s="1"/><c r="E6" s="3"/><c r="F6" s="10"/></row><row r="7" spans="1:6" ht="15.75"><c r="A7" s="3" t="s"><v>5</v></c><c r="B7" s="3" t="s"><v>18</v></c><c r="C7" s="3" t="s"><v>19</v></c><c r="D7" s="3"/><c r="E7" s="3"/><c r="F7" s="10"/></row><row r="8" spans="1:6" ht="15.75"><c r="A8" s="1" t="s"><v>5</v></c><c r="B8" s="2" t="s"><v>20</v></c><c r="C8" s="2" t="s"><v>21</v></c><c r="D8" s="1"/><c r="E8" s="2"/><c r="F8" s="10"/></row><row r="9" spans="1:6" ht="15.75"><c r="A9" s="3" t="s"><v>5</v></c><c r="B9" s="3" t="s"><v>22</v></c><c r="C9" s="3" t="s"><v>23</v></c><c r="D9" s="3"/><c r="E9" s="3"/><c r="F9" s="10"/></row><row r="10" spans="1:6" ht="15.75"><c r="A10" s="6"/><c r="B10" s="7"/><c r="C10" s="7"/><c r="D10" s="6"/><c r="E10" s="7"/></row><row r="11" spans="1:6" ht="15.75"><c r="A11" s="6"/><c r="B11" s="7"/><c r="C11" s="7"/><c r="D11" s="6"/><c r="E11" s="7"/></row><row r="12" spans="1:6" ht="15.75"><c r="A12" s="8"/><c r="B12" s="8"/><c r="C12" s="8"/><c r="D12" s="8"/><c r="E12" s="7"/></row><row r="13" spans="1:6" ht="15.75"><c r="A13" s="8"/><c r="B13" s="8"/><c r="C13" s="8"/><c r="D13" s="8"/><c r="E13" s="7"/></row><row r="14" spans="1:6" ht="15.75"><c r="A14" s="6"/><c r="B14" s="7"/><c r="C14" s="7"/><c r="D14" s="6"/><c r="E14" s="7"/></row><row r="15" spans="1:6" ht="15.75"><c r="A15" s="8"/><c r="B15" s="8"/><c r="C15" s="8"/><c r="D15" s="8"/><c r="E15" s="7"/></row><row r="16" spans="1:6" ht="15.75"><c r="A16" s="8"/><c r="B16" s="8"/><c r="C16" s="8"/><c r="D16" s="8"/><c r="E16" s="7"/></row><row r="17" spans="1:5" ht="15.75"><c r="A17" s="6"/><c r="B17" s="7"/><c r="C17" s="7"/><c r="D17" s="8"/><c r="E17" s="7"/></row><row r="18" spans="1:5" ht="15.75"><c r="A18" s="8"/><c r="B18" s="8"/><c r="C18" s="8"/><c r="D18" s="8"/><c r="E18" s="7"/></row><row r="19" spans="1:5" ht="15.75"><c r="A19" s="8"/><c r="B19" s="8"/><c r="C19" s="8"/><c r="D19" s="8"/><c r="E19" s="7"/></row><row r="20" spans="1:5" ht="15.75"><c r="A20" s="6"/><c r="B20" s="7"/><c r="C20" s="7"/><c r="D20" s="8"/><c r="E20" s="7"/></row><row r="21" spans="1:5" ht="15.75"><c r="A21" s="8"/><c r="B21" s="8"/><c r="C21" s="8"/><c r="D21" s="8"/><c r="E21" s="7"/></row><row r="22" spans="1:5" ht="15.75"><c r="A22" s="8"/><c r="B22" s="8"/><c r="C22" s="8"/><c r="D22" s="8"/><c r="E22" s="7"/></row><row r="23" spans="1:5" ht="15.75"><c r="A23" s="6"/><c r="B23" s="7"/><c r="C23" s="7"/><c r="D23" s="8"/><c r="E23" s="7"/></row><row r="24" spans="1:5" ht="15.75"><c r="A24" s="8"/><c r="B24" s="8"/><c r="C24" s="8"/><c r="D24" s="8"/><c r="E24" s="7"/></row><row r="25" spans="1:5" ht="15.75"><c r="A25" s="8"/><c r="B25" s="8"/><c r="C25" s="8"/><c r="D25" s="8"/><c r="E25" s="7"/></row><row r="26" spans="1:5" ht="15.75"><c r="A26" s="8"/><c r="B26" s="8"/><c r="C26" s="8"/><c r="D26" s="8"/><c r="E26" s="7"/></row><row r="1048563" spans="4:4" ht="15.75"><c r="D1048563" s="3"/></row></sheetData><pageMargins left="0.7" right="0.7" top="0.75" bottom="0.75" header="0.3" footer="0.3"/></worksheet>