<?xml version="1.0" encoding="UTF-8" standalone="yes"?>
<sst xmlns="http://schemas.openxmlformats.org/spreadsheetml/2006/main" count="31" uniqueCount="24"><si><t>Enable Content</t></si><si><t>FROM</t></si><si><t>TO</t></si><si><t>QUALITY</t></si><si><t>city</t></si><si><t>Tel Aviv</t></si><si><t>PRICE(Round trip)</t></si><si><t>PRICE(One Way)</t></si><si><t>Bulgaria</t></si><si><t>Sofia</t></si><si><t>China</t></si><si><t>Hong Kong Island</t></si><si><t>Greece</t></si><si><t>Athens</t></si><si><t>Hungary</t></si><si><t>Budapest</t></si><si><t>Poland</t></si><si><t>Warsaw</t></si><si><t>Romania</t></si><si><t>Bucharest</t></si><si><t>South Africa</t></si><si><t>Johannesburg</t></si><si><t>Thailand</t></si><si><t>Bangkok</t></si></sst>