<?xml version="1.0" encoding="UTF-8" standalone="yes"?>
<styleSheet xmlns="http://schemas.openxmlformats.org/spreadsheetml/2006/main" xmlns:mc="http://schemas.openxmlformats.org/markup-compatibility/2006" mc:Ignorable="x14ac" xmlns:x14ac="http://schemas.microsoft.com/office/spreadsheetml/2009/9/ac"><fonts count="6"><font><sz val="11"/><color theme="1"/><name val="Calibri"/><family val="2"/><charset val="178"/><scheme val="minor"/></font><font><sz val="11"/><color theme="1"/><name val="Calibri"/><family val="2"/><scheme val="minor"/></font><font><sz val="12"/><color theme="1"/><name val="Calibri"/><family val="2"/><scheme val="minor"/></font><font><b/><sz val="12"/><color theme="1"/><name val="Calibri"/><family val="2"/><scheme val="minor"/></font><font><b/><sz val="11"/><color theme="1"/><name val="Calibri"/><family val="2"/><scheme val="minor"/></font><font><b/><sz val="11"/><color rgb="FF00B050"/><name val="Calibri"/><family val="2"/><scheme val="minor"/></font></fonts><fills count="2"><fill><patternFill patternType="none"/></fill><fill><patternFill patternType="gray125"/></fill></fills><borders count="2"><border><left/><right/><top/><bottom/><diagonal/></border><border><left style="thin"><color indexed="64"/></left><right style="thin"><color indexed="64"/></right><top style="thin"><color indexed="64"/></top><bottom style="thin"><color indexed="64"/></bottom><diagonal/></border></borders><cellStyleXfs count="2"><xf numFmtId="0" fontId="0" fillId="0" borderId="0"/><xf numFmtId="0" fontId="1" fillId="0" borderId="0"/></cellStyleXfs><cellXfs count="11"><xf numFmtId="0" fontId="0" fillId="0" borderId="0" xfId="0"/><xf numFmtId="0" fontId="2" fillId="0" borderId="1" xfId="1" applyFont="1" applyBorder="1"/><xf numFmtId="0" fontId="1" fillId="0" borderId="1" xfId="1" applyBorder="1" applyAlignment="1"><alignment wrapText="1"/></xf><xf numFmtId="0" fontId="3" fillId="0" borderId="1" xfId="1" applyFont="1" applyBorder="1" applyAlignment="1"><alignment vertical="top"/></xf><xf numFmtId="0" fontId="4" fillId="0" borderId="0" xfId="0" applyFont="1" applyFill="1"/><xf numFmtId="0" fontId="5" fillId="0" borderId="0" xfId="0" applyFont="1" applyFill="1"/><xf numFmtId="0" fontId="2" fillId="0" borderId="0" xfId="1" applyFont="1" applyBorder="1"/><xf numFmtId="0" fontId="1" fillId="0" borderId="0" xfId="1" applyBorder="1" applyAlignment="1"><alignment wrapText="1"/></xf><xf numFmtId="0" fontId="3" fillId="0" borderId="0" xfId="1" applyFont="1" applyBorder="1" applyAlignment="1"><alignment vertical="top"/></xf><xf numFmtId="0" fontId="3" fillId="0" borderId="1" xfId="1" applyFont="1" applyFill="1" applyBorder="1" applyAlignment="1"><alignment vertical="top"/></xf><xf numFmtId="0" fontId="0" fillId="0" borderId="1" xfId="0" applyBorder="1"/></cellXfs><cellStyles count="2"><cellStyle name="Normal" xfId="0" builtinId="0"/><cellStyle name="Normal 2" xfId="1"/></cellStyles><dxfs count="0"/><tableStyles count="0" defaultTableStyle="TableStyleMedium2" defaultPivotStyle="PivotStyleLight16"/><extLst><ext uri="{EB79DEF2-80B8-43e5-95BD-54CBDDF9020C}" xmlns:x14="http://schemas.microsoft.com/office/spreadsheetml/2009/9/main"><x14:slicerStyles defaultSlicerStyle="SlicerStyleLight1"/></ext></extLst></styleSheet>