<?xml version="1.0" encoding="UTF-8" standalone="yes"?>
<workbook xmlns="http://schemas.openxmlformats.org/spreadsheetml/2006/main" xmlns:r="http://schemas.openxmlformats.org/officeDocument/2006/relationships"><fileVersion appName="xl" lastEdited="5" lowestEdited="5" rupBuild="9302" codeName="{8C4F1C90-05EB-6A55-5F09-09C24B55AC0B}"/><workbookPr codeName="ThisWorkbook" defaultThemeVersion="124226"/><bookViews><workbookView xWindow="360" yWindow="90" windowWidth="10515" windowHeight="8250"/></bookViews><sheets><sheet name="Start" sheetId="2" r:id="rId1"/><sheet name="Content" sheetId="1" state="hidden" r:id="rId2"/></sheets><calcPr calcId="144525"/></workbook>