<?xml version="1.0" encoding="UTF-8" standalone="yes"?>
<cp:coreProperties xmlns:cp="http://schemas.openxmlformats.org/package/2006/metadata/core-properties" xmlns:dc="http://purl.org/dc/elements/1.1/" xmlns:dcterms="http://purl.org/dc/terms/" xmlns:dcmitype="http://purl.org/dc/dcmitype/" xmlns:xsi="http://www.w3.org/2001/XMLSchema-instance"><dc:creator>YUSI</dc:creator><cp:lastModifiedBy>YUSI</cp:lastModifiedBy><dcterms:created xsi:type="dcterms:W3CDTF">2014-07-02T08:15:15Z</dcterms:created><dcterms:modified xsi:type="dcterms:W3CDTF">2014-07-30T04:31:52Z</dcterms:modified></cp:coreProperties>