<?xml version="1.0" encoding="UTF-8" standalone="yes"?>
<worksheet xmlns="http://schemas.openxmlformats.org/spreadsheetml/2006/main" xmlns:r="http://schemas.openxmlformats.org/officeDocument/2006/relationships" xmlns:mc="http://schemas.openxmlformats.org/markup-compatibility/2006" mc:Ignorable="x14ac" xmlns:x14ac="http://schemas.microsoft.com/office/spreadsheetml/2009/9/ac"><sheetPr codeName="Sheet1"/><dimension ref="B2:C2"/><sheetViews><sheetView tabSelected="1" workbookViewId="0"><selection activeCell="E10" sqref="E10"/></sheetView></sheetViews><sheetFormatPr defaultRowHeight="15"/><sheetData><row r="2" spans="2:3"><c r="B2" s="5" t="s"><v>0</v></c><c r="C2" s="4"/></row></sheetData><pageMargins left="0.7" right="0.7" top="0.75" bottom="0.75" header="0.3" footer="0.3"/><pageSetup orientation="portrait" r:id="rId1"/><customProperties><customPr name="malv" r:id="rId2"/></customProperties></worksheet>